data,categoria,tipo,valor
2022-11-01,Agua,Rodrigo paga,59.00
2022-11-01,Amazon Prime Video,Rodrigo paga,9.91
2022-11-01,Gasolina,Rodrigo paga,287.00
2022-11-01,Gordinho,Rodrigo paga,56.80
2022-11-01,HBO,Rodrigo paga,24.43
2022-11-01,Intelbras,Rodrigo paga,34.00
2022-11-01,Internet,Rodrigo paga,119.90
2022-11-01,Internet pai mãe/ipva,Rodrigo paga,135.00
2022-11-01,Luz,Rodrigo paga,185.00
2022-11-01,Meliuz/ML/paramount,Rodrigo paga,13.93
2022-11-01,Netflix/MeliMais,Rodrigo paga,55.90
2022-11-01,Oktober,Rodrigo paga,610.00
2022-11-01,Paramount,Rodrigo paga,14.99
2022-11-01,Plano PET Blu,Rodrigo paga,29.90
2022-11-01,Praia galera,Rodrigo paga,227.78
2022-11-01,Ração Blumenau 3/3,Rodrigo paga,79.90
2022-11-01,Seguro,Rodrigo paga,169.66
2022-11-01,waka waka,Rodrigo paga,174.78
2022-12-01,Agua,Rodrigo paga,59.00
2022-12-01,Amazon Prime Video,Rodrigo paga,9.91
2022-12-01,Cooper,Rodrigo paga,220.00
2022-12-01,Diarista,Rodrigo paga,300.00
2022-12-01,Gasolina,Rodrigo paga,287.00
2022-12-01,HBO,Rodrigo paga,24.43
2022-12-01,Intelbras,Rodrigo paga,34.00
2022-12-01,Internet,Rodrigo paga,119.90
2022-12-01,Internet pai mãe/ipva,Rodrigo paga,135.00
2022-12-01,Luz,Rodrigo paga,190.00
2022-12-01,Netflix/MeliMais,Rodrigo paga,55.90
2022-12-01,Oleo do carro 2 parc,Rodrigo paga,80.00
2022-12-01,Paramount,Rodrigo paga,17.99
2022-12-01,Plano PET Blu,Rodrigo paga,29.90
2022-12-01,Prime gourmet ,Rodrigo paga,16.00
2022-12-01,Pós sol ,Rodrigo paga,52.30
2022-12-01,Ração Blumenau 3/3,Rodrigo paga,86.33
2022-12-01,Seguro,Rodrigo paga,169.66
2022-12-01,TV LG,Rodrigo paga,297.00
2022-12-01,lavação carro ,Giovana paga,70.00
2023-01-01,Agua,Rodrigo paga,59.00
2023-01-01,Amazon Prime Video,Rodrigo paga,9.91
2023-01-01,Gasolina,Rodrigo paga,549.00
2023-01-01,HBO,Rodrigo paga,24.43
2023-01-01,Intelbras,Rodrigo paga,34.00
2023-01-01,Internet,Rodrigo paga,119.90
2023-01-01,Internet pai mãe/ipva,Rodrigo paga,135.00
2023-01-01,Luz,Rodrigo paga,212.00
2023-01-01,Netflix/MeliMais,Rodrigo paga,55.90
2023-01-01,Paramount,Rodrigo paga,14.99
2023-01-01,Plano PET Blu,Rodrigo paga,29.90
2023-01-01,Prime gourmet ,Rodrigo paga,16.00
2023-01-01,Ração Blumenau 3/3,Rodrigo paga,86.33
2023-01-01,Seguro,Rodrigo paga,169.66
2023-01-01,TV LG,Rodrigo paga,297.00
2023-02-01,Agua,Rodrigo paga,59.00
2023-02-01,Amazon Prime Video,Rodrigo paga,9.91
2023-02-01,Esteira,Rodrigo paga,113.00
2023-02-01,Gasolina,Rodrigo paga,233.00
2023-02-01,HBO,Rodrigo paga,24.43
2023-02-01,Intelbras,Rodrigo paga,34.00
2023-02-01,Internet,Rodrigo paga,119.90
2023-02-01,Internet pai mãe/ipva,Rodrigo paga,135.00
2023-02-01,Luz,Rodrigo paga,260.00
2023-02-01,Netflix/MeliMais,Rodrigo paga,55.90
2023-02-01,Paramount,Rodrigo paga,14.99
2023-02-01,Plano PET Blu,Rodrigo paga,29.90
2023-02-01,Praia galera,Rodrigo paga,1010.00
2023-02-01,Prime gourmet ,Rodrigo paga,16.00
2023-02-01,Ração Blumenau 3/3,Rodrigo paga,175.33
2023-02-01,Seguro,Rodrigo paga,169.66
2023-02-01,TV LG,Rodrigo paga,297.00
2023-03-01,Agua,Rodrigo paga,61.00
2023-03-01,Amazon Prime Video,Rodrigo paga,9.91
2023-03-01,Esteira,Rodrigo paga,113.00
2023-03-01,Gasolina,Rodrigo paga,290.00
2023-03-01,HBO,Rodrigo paga,24.43
2023-03-01,Internet,Rodrigo paga,119.90
2023-03-01,Internet pai mãe/ipva,Rodrigo paga,135.00
2023-03-01,Luz,Rodrigo paga,280.00
2023-03-01,Netflix/MeliMais,Rodrigo paga,55.90
2023-03-01,Paramount,Rodrigo paga,14.99
2023-03-01,Plano PET Blu,Rodrigo paga,29.90
2023-03-01,Prime gourmet ,Rodrigo paga,16.00
2023-03-01,Ração Blumenau 3/3,Rodrigo paga,93.26
2023-03-01,Seguro,Rodrigo paga,169.66
2023-03-01,TV LG,Rodrigo paga,297.00
2023-04-01,Agua,Rodrigo paga,62.00
2023-04-01,Amazon Prime Video,Rodrigo paga,9.91
2023-04-01,Diarista,Rodrigo paga,640.00
2023-04-01,Esteira,Rodrigo paga,113.00
2023-04-01,Gasolina,Rodrigo paga,268.08
2023-04-01,HBO,Rodrigo paga,24.43
2023-04-01,Internet,Rodrigo paga,119.90
2023-04-01,Internet pai mãe/ipva,Rodrigo paga,135.00
2023-04-01,Luz,Rodrigo paga,232.00
2023-04-01,Netflix/MeliMais,Rodrigo paga,55.90
2023-04-01,Paramount,Rodrigo paga,14.99
2023-04-01,Plano PET Blu,Rodrigo paga,29.90
2023-04-01,Prime gourmet ,Rodrigo paga,16.00
2023-04-01,Ração Blumenau 3/3,Rodrigo paga,93.26
2023-04-01,Seguro,Rodrigo paga,169.66
2023-04-01,TV LG,Rodrigo paga,297.00
2023-04-01,lavação carro ,Giovana paga,55.00
2024-05-01,Agua,Rodrigo paga,62.00
2024-05-01,Amazon Prime Video,Rodrigo paga,9.91
2024-05-01,Diarista,Rodrigo paga,800.00
2024-05-01,Esteira,Rodrigo paga,113.00
2024-05-01,Gasolina,Rodrigo paga,60.00
2024-05-01,HBO,Rodrigo paga,24.43
2024-05-01,Internet,Rodrigo paga,119.90
2024-05-01,Internet pai mãe/ipva,Rodrigo paga,141.00
2024-05-01,Luz,Rodrigo paga,248.00
2024-05-01,Netflix/MeliMais,Rodrigo paga,55.90
2024-05-01,Paramount,Rodrigo paga,14.99
2024-05-01,Plano PET Blu,Rodrigo paga,29.90
2024-05-01,Prime gourmet ,Rodrigo paga,16.00
2024-05-01,Ração Blumenau 3/3,Rodrigo paga,93.26
2024-05-01,TV LG,Rodrigo paga,297.00
2024-06-01,Agua,Rodrigo paga,62.00
2024-06-01,Amazon Prime Video,Rodrigo paga,9.91
2024-06-01,Diarista,Rodrigo paga,640.00
2024-06-01,Esteira,Rodrigo paga,113.00
2024-06-01,Gasolina,Rodrigo paga,305.18
2024-06-01,Guia blu,Rodrigo paga,49.80
2024-06-01,HBO,Rodrigo paga,24.43
2024-06-01,Internet,Rodrigo paga,193.83
2024-06-01,Internet pai mãe/ipva,Rodrigo paga,135.00
2024-06-01,Luz,Rodrigo paga,247.07
2024-06-01,Netflix/MeliMais,Rodrigo paga,55.90
2024-06-01,Panela,Rodrigo paga,220.00
2024-06-01,Paramount,Rodrigo paga,17.99
2024-06-01,Pasta de dente blu,Rodrigo paga,26.98
2024-06-01,Plano PET Blu,Rodrigo paga,29.90
2024-06-01,Prime gourmet ,Rodrigo paga,16.00
2024-06-01,TV LG,Rodrigo paga,297.00
2024-06-01,lavação carro ,Giovana paga,55.00
2024-07-01,Agua,Rodrigo paga,65.00
2024-07-01,Amazon Prime Video,Rodrigo paga,9.91
2024-07-01,Botijão,Rodrigo paga,135.00
2024-07-01,Conserto Carro,Rodrigo paga,800.00
2024-07-01,Diarista,Rodrigo paga,320.00
2024-07-01,Entrecote,Rodrigo paga,200.00
2024-07-01,Esteira,Rodrigo paga,113.00
2024-07-01,Gasolina,Rodrigo paga,302.00
2024-07-01,HBO,Rodrigo paga,24.43
2024-07-01,Hotel,Rodrigo paga,522.00
2024-07-01,Internet,Rodrigo paga,249.81
2024-07-01,Internet pai mãe/ipva,Rodrigo paga,135.00
2024-07-01,Luz,Rodrigo paga,195.98
2024-07-01,Moveis,Rodrigo paga,4200.00
2024-07-01,Netflix/MeliMais,Rodrigo paga,55.90
2024-07-01,Panela,Rodrigo paga,220.00
2024-07-01,Paramount,Rodrigo paga,17.99
2024-07-01,Plano PET Blu,Rodrigo paga,29.90
2024-07-01,Prime gourmet ,Rodrigo paga,16.00
2024-07-01,Puxador,Rodrigo paga,40.00
2024-07-01,Ração Blumenau 3/3,Rodrigo paga,86.63
2024-07-01,TV LG,Rodrigo paga,297.00
2024-07-01,Trem,Rodrigo paga,272.00
2024-07-01,cuba lavabo,Rodrigo paga,127.00
2024-07-01,lavação carro ,Giovana paga,55.00
2024-08-01,(sem descrição),Rodrigo paga,16.00
2024-08-01,(sem descrição),Rodrigo paga,66.00
2024-08-01,(sem descrição),Rodrigo paga,8.00
2024-08-01,(sem descrição),Rodrigo paga,48.00
2024-08-01,(sem descrição),Rodrigo paga,10.00
2024-08-01,(sem descrição),Rodrigo paga,52.94
2024-08-01,(sem descrição),Rodrigo paga,27.80
2024-08-01,(sem descrição),Rodrigo paga,2.00
2024-08-01,(sem descrição),Rodrigo paga,6.00
2024-08-01,(sem descrição),Rodrigo paga,2.00
2024-08-01,(sem descrição),Rodrigo paga,24.75
2024-08-01,(sem descrição),Rodrigo paga,16.00
2024-08-01,(sem descrição),Rodrigo paga,133.76
2024-08-01,(sem descrição),Rodrigo paga,11.97
2024-08-01,(sem descrição),Rodrigo paga,12.00
2024-08-01,(sem descrição),Rodrigo paga,24.90
2024-08-01,(sem descrição),Rodrigo paga,30.00
2024-08-01,(sem descrição),Rodrigo paga,8.00
2024-08-01,(sem descrição),Rodrigo paga,55.00
2024-08-01,(sem descrição),Rodrigo paga,10.99
2024-08-01,(sem descrição),Rodrigo paga,6.00
2024-08-01,(sem descrição),Rodrigo paga,26.91
2024-08-01,(sem descrição),Rodrigo paga,217.00
2024-08-01,(sem descrição),Rodrigo paga,22.00
2024-08-01,(sem descrição),Rodrigo paga,19.92
2024-08-01,(sem descrição),Rodrigo paga,4.78
2024-08-01,(sem descrição),Rodrigo paga,9.90
2024-08-01,(sem descrição),Rodrigo paga,88.00
2024-08-01,(sem descrição),Rodrigo paga,79.94
2024-08-01,(sem descrição),Rodrigo paga,28.48
2024-08-01,(sem descrição),Rodrigo paga,22.92
2024-08-01,(sem descrição),Rodrigo paga,19.96
2024-08-01,(sem descrição),Rodrigo paga,19.93
2024-08-01,(sem descrição),Rodrigo paga,60.00
2024-08-01,(sem descrição),Rodrigo paga,19.91
2024-08-01,(sem descrição),Rodrigo paga,30.00
2024-08-01,(sem descrição),Rodrigo paga,30.00
2024-08-01,(sem descrição),Rodrigo paga,24.98
2024-08-01,(sem descrição),Rodrigo paga,52.00
2024-08-01,(sem descrição),Rodrigo paga,63.00
2024-08-01,(sem descrição),Rodrigo paga,100.00
2024-08-01,(sem descrição),Rodrigo paga,6.25
2024-08-01,(sem descrição),Rodrigo paga,90.00
2024-08-01,(sem descrição),Rodrigo paga,30.00
2024-08-01,(sem descrição),Rodrigo paga,35.00
2024-08-01,(sem descrição),Rodrigo paga,156.97
2024-08-01,(sem descrição),Rodrigo paga,70.00
2024-08-01,(sem descrição),Rodrigo paga,29.40
2024-08-01,(sem descrição),Rodrigo paga,56.00
2024-08-01,(sem descrição),Rodrigo paga,40.00
2024-08-01,(sem descrição),Rodrigo paga,245.00
2024-08-01,(sem descrição),Rodrigo paga,301.42
2024-08-01,Agua,Rodrigo paga,62.00
2024-08-01,Amazon Prime Video,Rodrigo paga,9.91
2024-08-01,Curitiba,Rodrigo paga,24.99
2024-08-01,Diarista,Rodrigo paga,800.00
2024-08-01,Esteira,Rodrigo paga,113.00
2024-08-01,Gasolina,Rodrigo paga,247.44
2024-08-01,HBO,Rodrigo paga,24.43
2024-08-01,Hotel,Rodrigo paga,522.00
2024-08-01,Internet,Rodrigo paga,185.58
2024-08-01,Internet pai mãe/ipva,Rodrigo paga,135.00
2024-08-01,Luz,Rodrigo paga,220.00
2024-08-01,Netflix/MeliMais,Rodrigo paga,55.90
2024-08-01,Panela,Rodrigo paga,220.00
2024-08-01,Paramount,Rodrigo paga,17.99
2024-08-01,Plano PET Blu,Rodrigo paga,29.90
2024-08-01,Prime gourmet ,Rodrigo paga,16.00
2024-08-01,Ração Blumenau 3/3,Rodrigo paga,86.63
2024-08-01,Seguro da casa,Rodrigo paga,66.23
2024-08-01,Seguro do carro,Rodrigo paga,1550.00
2024-08-01,Sítio - Final de ano,Rodrigo paga,231.66
2024-08-01,TV LG,Rodrigo paga,297.00
2024-08-01,Trem,Rodrigo paga,272.00
2024-08-01,Unifique Móvel,Giovana paga,39.90
2024-08-01,Água Verde,Rodrigo paga,300.00
2024-09-01,(sem descrição),Rodrigo paga,199.00
2024-09-01,Agua,Rodrigo paga,61.00
2024-09-01,Amazon Prime Video,Rodrigo paga,9.91
2024-09-01,Compras,Rodrigo paga,229.29
2024-09-01,Diarista,Rodrigo paga,320.00
2024-09-01,Esteira,Rodrigo paga,113.00
2024-09-01,Fechadura eletrônica ,Rodrigo paga,249.99
2024-09-01,Gasolina,Rodrigo paga,295.00
2024-09-01,HBO,Rodrigo paga,24.43
2024-09-01,Hotel,Rodrigo paga,1316.00
2024-09-01,Internet,Rodrigo paga,185.58
2024-09-01,Internet pai mãe/ipva,Rodrigo paga,135.00
2024-09-01,Luz,Rodrigo paga,235.00
2024-09-01,Netflix/MeliMais,Rodrigo paga,59.90
2024-09-01,Paramount,Rodrigo paga,17.99
2024-09-01,Prime gourmet ,Rodrigo paga,16.00
2024-09-01,Ração Blumenau 3/3,Rodrigo paga,86.63
2024-09-01,Seguro da casa,Rodrigo paga,66.23
2024-09-01,TV LG,Rodrigo paga,297.00
2024-09-01,Trem,Rodrigo paga,272.00
2024-09-01,Unifique Móvel,Giovana paga,39.90
2024-09-01,Xo bafinho,Rodrigo paga,99.00
2024-09-01,lavação carro ,Giovana paga,50.00
2024-09-01,toalhas,Rodrigo paga,186.71
2024-10-01,Agua,Rodrigo paga,61.00
2024-10-01,Amazon Prime Video,Rodrigo paga,9.91
2024-10-01,Diarista,Rodrigo paga,800.00
2024-10-01,Esteira,Rodrigo paga,113.00
2024-10-01,Gasolina,Rodrigo paga,296.00
2024-10-01,HBO,Rodrigo paga,24.43
2024-10-01,Internet,Rodrigo paga,185.58
2024-10-01,Internet pai mãe/ipva,Rodrigo paga,135.00
2024-10-01,Luz,Rodrigo paga,275.00
2024-10-01,Netflix/MeliMais,Rodrigo paga,59.90
2024-10-01,Paramount,Rodrigo paga,28.00
2024-10-01,Pizza - Ana,Rodrigo paga,110.00
2024-10-01,Presente Guilherme,Rodrigo paga,100.00
2024-10-01,Seguro da casa,Rodrigo paga,66.23
2024-10-01,Unifique Móvel,Giovana paga,39.90
2024-10-01,lavação carro ,Giovana paga,50.00
2024-11-01,Agua,Rodrigo paga,64.00
2024-11-01,Amazon Prime Video,Rodrigo paga,9.91
2024-11-01,Diarista,Rodrigo paga,640.00
2024-11-01,Esteira,Rodrigo paga,113.00
2024-11-01,Gasolina,Rodrigo paga,602.00
2024-11-01,HBO,Rodrigo paga,24.43
2024-11-01,Internet,Rodrigo paga,189.90
2024-11-01,Internet pai mãe/ipva,Rodrigo paga,141.00
2024-11-01,Luz,Rodrigo paga,223.29
2024-11-01,Mecânico ,Rodrigo paga,247.00
2024-11-01,Mercado,Rodrigo paga,259.00
2024-11-01,Netflix/MeliMais,Rodrigo paga,59.90
2024-11-01,Paramount,Rodrigo paga,28.00
2024-11-01,Presente Guilherme,Rodrigo paga,100.00
2024-11-01,Ração Blumenau 3/3,Rodrigo paga,94.96
2024-11-01,Roupa Oktoberfest ,Rodrigo paga,159.00
2024-11-01,Seguro da casa,Rodrigo paga,66.23
2024-11-01,Sítio - Final de ano,Rodrigo paga,231.66
2024-11-01,TV Pai e mãe 12x,Rodrigo paga,180.87
2024-11-01,TVBOX BTV 12x,Rodrigo paga,103.33
2024-11-01,Unifique Móvel,Giovana paga,39.90
2024-11-01,lavação carro ,Giovana paga,50.00
2024-11-01,peças carro,Rodrigo paga,400.00
2024-12-01,Agua,Rodrigo paga,61.00
2024-12-01,Amazon Prime Video,Rodrigo paga,9.91
2024-12-01,Ar condicionado 12x,Rodrigo paga,205.26
2024-12-01,Bieletas,Rodrigo paga,260.00
2024-12-01,Diarista,Rodrigo paga,640.00
2024-12-01,Esteira,Rodrigo paga,113.00
2024-12-01,Gasolina,Rodrigo paga,288.00
2024-12-01,Gasolina,Rodrigo paga,32.00
2024-12-01,HBO,Rodrigo paga,24.43
2024-12-01,Instalação ar condicionado,Rodrigo paga,350.00
2024-12-01,Internet,Rodrigo paga,189.90
2024-12-01,Internet pai mãe/ipva,Rodrigo paga,141.00
2024-12-01,Luz,Rodrigo paga,232.27
2024-12-01,Mecânico ,Rodrigo paga,247.00
2024-12-01,Netflix/MeliMais,Rodrigo paga,59.90
2024-12-01,Paramount,Rodrigo paga,28.00
2024-12-01,Presente gui e pal,Rodrigo paga,298.00
2024-12-01,Presente gui e pal 3x,Rodrigo paga,363.00
2024-12-01,Ração Blumenau 3/3,Rodrigo paga,94.96
2024-12-01,Roupa Oktoberfest ,Rodrigo paga,159.00
2024-12-01,Seguro da casa,Rodrigo paga,66.23
2024-12-01,Sítio - Final de ano,Rodrigo paga,231.66
2024-12-01,TV Pai e mãe 12x,Rodrigo paga,180.87
2024-12-01,TVBOX BTV 12x,Rodrigo paga,103.33
2024-12-01,Unifique Móvel,Giovana paga,39.90
2024-12-01,peças carro,Rodrigo paga,400.00
2025-01-01,ABS do carro,Rodrigo paga,81.70
2025-01-01,Agua,Rodrigo paga,61.00
2025-01-01,Agua,Giovana pagou do Rodrigo,126.92
2025-01-01,Amazon Prime Video,Rodrigo paga,9.91
2025-01-01,Ar condicionado 12x,Rodrigo paga,205.26
2025-01-01,Carro Silvia,Rodrigo paga,610.76
2025-01-01,Chave do ABS,Rodrigo paga,37.80
2025-01-01,Diarista,Rodrigo paga,320.00
2025-01-01,Esteira,Rodrigo paga,113.00
2025-01-01,Filtros,Rodrigo paga,550.00
2025-01-01,Gasolina,Rodrigo paga,312.59
2025-01-01,Internet,Rodrigo paga,189.90
2025-01-01,Internet pai mãe/ipva,Rodrigo paga,148.00
2025-01-01,Luz,Rodrigo paga,193.15
2025-01-01,Mecânico ,Rodrigo paga,247.00
2025-01-01,Netflix/MeliMais,Rodrigo paga,59.90
2025-01-01,Oculos de sol,Rodrigo pagou da Giovana,100.00
2025-01-01,Paramount,Rodrigo paga,28.00
2025-01-01,Presente Pai e Mãe 3x,Rodrigo paga,213.30
2025-01-01,Presente gui e pal 3x,Rodrigo paga,363.00
2025-01-01,Prime,Rodrigo paga,16.00
2025-01-01,Ração Blumenau 3/3,Rodrigo paga,94.96
2025-01-01,Roupa Oktoberfest ,Rodrigo paga,159.00
2025-01-01,Seguro da casa,Rodrigo paga,66.23
2025-01-01,TV Pai e mãe 12x,Rodrigo paga,180.87
2025-01-01,TVBOX BTV 12x,Rodrigo paga,103.33
2025-01-01,Tapete higienico e vermes,Rodrigo paga,103.80
2025-01-01,Unifique Móvel,Giovana paga,39.90
2025-01-01,Vela 200g,Giovana pagou do Rodrigo,59.90
2025-01-01,peças carro,Rodrigo paga,400.00
2025-02-01,Acampamento,Rodrigo paga,230.00
2025-02-01,Agua,Rodrigo paga,65.00
2025-02-01,Agua verde,Rodrigo paga,300.00
2025-02-01,Amazon Prime Video,Rodrigo paga,9.91
2025-02-01,Ar condicionado 12x,Rodrigo paga,205.26
2025-02-01,Café,Giovana paga,125.00
2025-02-01,Diarista,Rodrigo paga,300.00
2025-02-01,Esteira,Rodrigo paga,113.00
2025-02-01,Gasolina,Rodrigo paga,240.00
2025-02-01,Gasolina,Giovana paga,306.00
2025-02-01,Gastos Rio dos Cedros,Rodrigo paga,596.00
2025-02-01,IPVA 3X,Rodrigo paga,371.00
2025-02-01,Internet,Rodrigo paga,189.90
2025-02-01,Internet pai mãe/ipva,Rodrigo paga,148.00
2025-02-01,Luz,Rodrigo paga,198.66
2025-02-01,Netflix/MeliMais,Rodrigo paga,59.90
2025-02-01,Oculos de sol,Rodrigo pagou da Giovana,100.00
2025-02-01,Paramount,Rodrigo paga,28.00
2025-02-01,Presente Jai,Rodrigo paga,220.00
2025-02-01,Presente Pai e Mãe 3x,Rodrigo paga,213.30
2025-02-01,Presente gui e pal 3x,Rodrigo paga,363.00
2025-02-01,Prime,Rodrigo paga,16.00
2025-02-01,Ração Blumenau 3/3,Rodrigo paga,196.70
2025-02-01,Rio dos cedros - Jet,Rodrigo paga,465.00
2025-02-01,Seguro da casa,Rodrigo paga,66.23
2025-02-01,TV Pai e mãe 12x,Rodrigo paga,180.87
2025-02-01,TVBOX BTV 12x,Rodrigo paga,103.33
2025-02-01,Unifique Móvel,Giovana paga,39.90
2025-02-01,bem bom salgado,Giovana paga,150.10
2025-02-01,lavação carro,Giovana paga,60.00
2025-03-01,Agua,Rodrigo paga,74.27
2025-03-01,Amazon Prime Video,Rodrigo paga,9.91
2025-03-01,Aquecedor novo/veneno,Rodrigo paga,231.59
2025-03-01,Ar condicionado 12x,Rodrigo paga,205.26
2025-03-01,Atol SORUSOLVE,Rodrigo paga,124.80
2025-03-01,Cone do blu,Rodrigo paga,28.90
2025-03-01,Esteira,Rodrigo paga,113.00
2025-03-01,Farmácia Blu,Rodrigo paga,47.05
2025-03-01,Gasolina,Rodrigo paga,322.70
2025-03-01,IPVA 3X,Rodrigo paga,371.00
2025-03-01,Internet,Rodrigo paga,189.90
2025-03-01,Internet pai mãe/ipva,Rodrigo paga,148.00
2025-03-01,Luz,Rodrigo paga,352.00
2025-03-01,Milium,Rodrigo paga,79.70
2025-03-01,Netflix/MeliMais,Rodrigo paga,59.90
2025-03-01,Oculos de sol,Rodrigo pagou da Giovana,100.00
2025-03-01,PETZ,Rodrigo paga,128.12
2025-03-01,Paramount,Rodrigo paga,28.00
2025-03-01,Petshop,Rodrigo paga,49.80
2025-03-01,Pizza,Giovana paga,90.00
2025-03-01,Presente Pai e Mãe 3x,Rodrigo paga,213.30
2025-03-01,Prime,Rodrigo paga,16.00
2025-03-01,Quadros,Rodrigo paga,250.00
2025-03-01,ROUPAS ANA BAKANA,Rodrigo pagou da Giovana,150.00
2025-03-01,Seguro da casa,Rodrigo paga,66.23
2025-03-01,Show,Rodrigo paga,121.94
2025-03-01,TV Pai e mãe 12x,Rodrigo paga,180.87
2025-03-01,TVBOX BTV 12x,Rodrigo paga,103.33
2025-03-01,Unifique Móvel,Giovana paga,39.90
2025-03-01,Veterinario 2x,Rodrigo paga,180.00
2025-04-01,Agua,Rodrigo paga,68.00
2025-04-01,Amazon Prime Video,Rodrigo paga,9.91
2025-04-01,Ar condicionado 12x,Rodrigo paga,205.26
2025-04-01,Esteira,Rodrigo paga,113.00
2025-04-01,Gasolina,Rodrigo paga,169.05
2025-04-01,Gasolina,Rodrigo paga,314.03
2025-04-01,Gasolina,Rodrigo paga,337.34
2025-04-01,IPVA 3X,Rodrigo paga,371.00
2025-04-01,Internet,Rodrigo paga,189.90
2025-04-01,Internet pai mãe/ipva,Rodrigo paga,142.00
2025-04-01,Luz,Rodrigo paga,272.31
2025-04-01,Material pintura 2,Rodrigo paga,72.60
2025-04-01,Material pintura 3,Rodrigo paga,288.00
2025-04-01,Netflix/MeliMais,Rodrigo paga,59.90
2025-04-01,PETZ,Rodrigo paga,128.12
2025-04-01,Paramount,Rodrigo paga,28.00
2025-04-01,Pizza,Giovana paga,46.95
2025-04-01,Prime,Rodrigo paga,16.00
2025-04-01,Ração Blumenau 3/3,Rodrigo paga,61.22
2025-04-01,Seguro da casa,Rodrigo paga,66.23
2025-04-01,Show,Rodrigo paga,121.94
2025-04-01,TV Pai e mãe 12x,Rodrigo paga,180.87
2025-04-01,TVBOX BTV 12x,Rodrigo paga,103.33
2025-04-01,Tatuagem,Rodrigo pagou da Giovana,110.00
2025-04-01,Unifique Móvel,Giovana paga,39.90
2025-04-01,Veterinario 2x,Rodrigo paga,180.00
2025-04-01,hotel,Rodrigo paga,234.00
2025-04-01,lavação carro ,Giovana paga,65.00
2025-04-01,material pintura 2x,Rodrigo paga,360.00
2025-04-01,totopos,Rodrigo paga,190.00
2025-04-01,zoo,Rodrigo paga,116.00
2025-05-01,Agua,Rodrigo paga,66.00
2025-05-01,Amazon,Rodrigo paga,66.00
2025-05-01,Amazon Prime Video,Rodrigo paga,9.91
2025-05-01,Ar condicionado 12x,Rodrigo paga,205.26
2025-05-01,Gasolina,Rodrigo paga,287.00
2025-05-01,Internet,Rodrigo paga,189.90
2025-05-01,Internet pai mãe/ipva,Rodrigo paga,148.00
2025-05-01,Luz,Rodrigo paga,249.00
2025-05-01,Netflix/MeliMais,Rodrigo paga,59.90
2025-05-01,Prime,Rodrigo paga,16.00
2025-05-01,Ração Blumenau 3/3,Rodrigo paga,61.22
2025-05-01,Seguro da casa,Rodrigo paga,66.23
2025-05-01,Show,Rodrigo paga,121.94
2025-05-01,Sítio,Rodrigo paga,240.00
2025-05-01,TV Pai e mãe 12x,Rodrigo paga,180.87
2025-05-01,TVBOX BTV 12x,Rodrigo paga,103.33
2025-05-01,Tatuagem,Rodrigo pagou da Giovana,110.00
2025-05-01,Unifique Móvel,Giovana paga,39.90
2025-05-01,lavação carro ,Giovana paga,65.00
2025-05-01,material pintura 2x,Rodrigo paga,360.00
2025-06-01,Agua,Rodrigo paga,66.00
2025-06-01,Amazon Prime Video,Rodrigo paga,9.91
2025-06-01,Ar condicionado 12x,Rodrigo paga,205.26
2025-06-01,Blender 3x,Rodrigo paga,96.63
2025-06-01,Consulta,Giovana pagou do Rodrigo,850.00
2025-06-01,Cooper,Rodrigo paga,277.00
2025-06-01,Feijoada,Rodrigo paga,110.00
2025-06-01,Fogão cooktop 3x,Rodrigo paga,245.00
2025-06-01,Gasolina,Rodrigo paga,327.00
2025-06-01,Internet,Rodrigo paga,189.90
2025-06-01,Internet pai mãe/ipva,Rodrigo paga,148.00
2025-06-01,Luz,Rodrigo paga,204.20
2025-06-01,Netflix/MeliMais,Rodrigo paga,20.00
2025-06-01,Prime,Rodrigo paga,16.00
2025-06-01,Ração Blumenau 3/3,Rodrigo paga,61.22
2025-06-01,Seguro da casa,Rodrigo paga,66.23
2025-06-01,Show,Rodrigo paga,121.94
2025-06-01,TV Pai e mãe 12x,Rodrigo paga,180.87
2025-06-01,TVBOX BTV 12x,Rodrigo paga,103.33
2025-06-01,Tapete higienico e perfume,Rodrigo paga,150.00
2025-06-01,Tatuagem,Rodrigo pagou da Giovana,110.00
2025-06-01,Unifique Móvel,Giovana paga,39.90
2025-06-01,Zita,Rodrigo paga,400.00
2025-06-01,Zita,Rodrigo paga,400.00
2025-07-01,AGUA VERDE,Rodrigo paga,300.00
2025-07-01,Agua,Rodrigo paga,67.00
2025-07-01,Amazon Prime Video,Rodrigo paga,9.91
2025-07-01,Ar condicionado 12x,Rodrigo paga,205.26
2025-07-01,Blender 3x,Rodrigo paga,96.63
2025-07-01,Camping,Giovana paga,362.38
2025-07-01,Fogão cooktop 3x,Rodrigo paga,245.00
2025-07-01,Gasolina,Rodrigo paga,319.00
2025-07-01,Internet,Rodrigo paga,189.90
2025-07-01,Internet pai mãe/ipva,Rodrigo paga,148.00
2025-07-01,Luz,Rodrigo paga,307.14
2025-07-01,Netflix/MeliMais,Rodrigo paga,20.00
2025-07-01,Prime,Rodrigo paga,16.00
2025-07-01,Ração Blumenau 3/3,Rodrigo paga,61.22
2025-07-01,Seguro da casa,Rodrigo paga,66.23
2025-07-01,TV Pai e mãe 12x,Rodrigo paga,180.87
2025-07-01,TVBOX BTV 12x,Rodrigo paga,103.33
2025-07-01,Tatuagem,Rodrigo pagou da Giovana,110.00
2025-07-01,Tatuagem,Rodrigo paga,400.00
2025-07-01,Unifique Móvel,Giovana paga,39.90
2025-07-01,Zita,Rodrigo paga,400.00
2025-07-01,colchão ar,Rodrigo paga,180.00
2025-08-01,Agua,Rodrigo paga,71.00
2025-08-01,Amazon Prime Video,Rodrigo paga,9.91
2025-08-01,Ar condicionado 12x,Rodrigo paga,205.26
2025-08-01,Blender 3x,Rodrigo paga,96.63
2025-08-01,Chale 3x,Rodrigo paga,328.00
2025-08-01,Consulta,Giovana pagou do Rodrigo,700.00
2025-08-01,Escova giratória,Rodrigo paga,67.00
2025-08-01,Fogão cooktop 3x,Rodrigo paga,245.00
2025-08-01,Funcional,Giovana paga,399.80
2025-08-01,Gasolina,Rodrigo paga,313.00
2025-08-01,Havan,Giovana paga,53.99
2025-08-01,Internet,Rodrigo paga,189.90
2025-08-01,Internet pai mãe/ipva,Rodrigo paga,148.00
2025-08-01,Luz,Rodrigo paga,413.56
2025-08-01,Netflix/MeliMais,Rodrigo paga,48.00
2025-08-01,Oleo carro,Rodrigo paga,277.00
2025-08-01,Paramount,Rodrigo paga,19.00
2025-08-01,Presente Alexandre e faca,Rodrigo paga,450.00
2025-08-01,Prime,Rodrigo paga,16.00
2025-08-01,Ração Blumenau 3/3,Rodrigo paga,259.00
2025-08-01,Seguro Carro 10x,Rodrigo paga,166.47
2025-08-01,Seguro da casa,Rodrigo paga,66.23
2025-08-01,TV Pai e mãe 12x,Rodrigo paga,180.87
2025-08-01,TVBOX BTV 12x,Rodrigo paga,103.33
2025-08-01,Tatuagem,Rodrigo pagou da Giovana,110.00
2025-08-01,Unifique Móvel,Giovana paga,39.90
2025-08-01,Zita,Rodrigo paga,400.00
2025-08-01,lavação carro ,Giovana paga,65.00
2025-09-01,Acendedor narg,Rodrigo paga,107.00
2025-09-01,Agua,Rodrigo paga,71.00
2025-09-01,Amazon Prime Video,Rodrigo paga,9.91
2025-09-01,Ar condicionado 12x,Rodrigo paga,205.26
2025-09-01,Chale 3x,Rodrigo paga,328.00
2025-09-01,Funcional,Giovana paga,399.80
2025-09-01,Gasolina,Rodrigo paga,311.26
2025-09-01,Gasolina,Giovana paga,311.12
2025-09-01,Havan,Giovana paga,53.99
2025-09-01,Internet,Rodrigo paga,189.90
2025-09-01,Internet pai mãe/ipva,Rodrigo paga,148.00
2025-09-01,Luz,Rodrigo paga,286.40
2025-09-01,Mecanica,Rodrigo paga,525.00
2025-09-01,Mecanica 2,Rodrigo paga,230.00
2025-09-01,Netflix/MeliMais,Rodrigo paga,48.00
2025-09-01,Paramount,Rodrigo paga,19.99
2025-09-01,Prime,Rodrigo paga,16.00
2025-09-01,Seguro Carro 10x,Rodrigo paga,166.47
2025-09-01,Seguro da casa,Rodrigo paga,66.23
2025-09-01,Sitio,Rodrigo paga,191.20
2025-09-01,TV Pai e mãe 12x,Rodrigo paga,180.87
2025-09-01,TVBOX BTV 12x,Rodrigo paga,103.33
2025-09-01,Unifique Móvel,Giovana paga,39.90
2025-09-01,lavação carro ,Giovana paga,65.00
2025-10-01,Agua,Rodrigo paga,70.00
2025-10-01,Amazon Prime Video,Rodrigo paga,9.91
2025-10-01,Ar condicionado 12x,Rodrigo paga,205.26
2025-10-01,Chale 3x,Rodrigo paga,328.00
2025-10-01,Colchão de AR 3x,Rodrigo paga,103.00
2025-10-01,Consorcio,Rodrigo paga,536.00
2025-10-01,Funcional,Giovana paga,399.80
2025-10-01,Gasolina,Rodrigo paga,320.00
2025-10-01,Gerson,Rodrigo paga,75.00
2025-10-01,GÁS,Rodrigo paga,150.00
2025-10-01,Havan,Giovana paga,53.99
2025-10-01,Internet,Rodrigo paga,189.90
2025-10-01,Internet pai mãe/ipva,Rodrigo paga,148.00
2025-10-01,Luz,Rodrigo paga,335.00
2025-10-01,Netflix/MeliMais,Rodrigo paga,48.00
2025-10-01,Paloma,Rodrigo paga,100.00
2025-10-01,Paramount,Rodrigo paga,19.99
2025-10-01,Presenta ana e kuka,Rodrigo paga,300.00
2025-10-01,Presente Guilherme,Rodrigo paga,90.00
2025-10-01,Prime,Rodrigo paga,16.00
2025-10-01,Seguro Carro 10x,Rodrigo paga,166.47
2025-10-01,Seguro da casa,Rodrigo paga,66.23
2025-10-01,TV Pai e mãe 12x,Rodrigo paga,180.87
2025-10-01,TVBOX BTV 12x,Rodrigo paga,103.33
2025-10-01,Unifique Móvel,Giovana paga,39.90
2025-11-01,Agua,Rodrigo paga,66.00
2025-11-01,Amazon Prime Video,Rodrigo paga,9.91
2025-11-01,Ar condicionado 12x,Rodrigo paga,205.26
2025-11-01,Automação da casa 3x,Rodrigo paga,114.00
2025-11-01,Cameras de segurança e ferramentas 12x,Rodrigo paga,74.65
2025-11-01,Casa Jair,Rodrigo paga,56.85
2025-11-01,Cassol,Rodrigo paga,82.00
2025-11-01,Colchão de AR 3x,Rodrigo paga,103.00
2025-11-01,Consorcio,Rodrigo paga,1608.00
2025-11-01,Consulta Médica,Giovana paga,700.00
2025-11-01,Curitoba,Rodrigo paga,155.00
2025-11-01,Fechadura eletronica 2x,Rodrigo paga,132.84
2025-11-01,Fermatel materiais elet,Rodrigo paga,540.00
2025-11-01,Fermatel materiais elet - 1000,Rodrigo paga,565.00
2025-11-01,Funcional,Giovana paga,399.80
2025-11-01,Gasolina,Rodrigo paga,309.00
2025-11-01,Havan,Giovana paga,53.99
2025-11-01,Infra Ar Condicionado,Rodrigo paga,89.00
2025-11-01,Internet,Rodrigo paga,205.00
2025-11-01,Internet pai mãe/ipva,Rodrigo paga,148.00
2025-11-01,Luz,Rodrigo paga,316.00
2025-11-01,Marmoraria,Rodrigo paga,180.00
2025-11-01,Netflix/MeliMais,Rodrigo paga,48.00
2025-11-01,Oktober,Rodrigo paga,600.00
2025-11-01,Paramount,Rodrigo paga,19.99
2025-11-01,Portas de dentro 3x,Rodrigo paga,985.00
2025-11-01,Primavera materiais,Rodrigo paga,216.50
2025-11-01,Primavera materiais 3x,Rodrigo paga,131.00
2025-11-01,Prime,Rodrigo paga,16.00
2025-11-01,Seguro Carro 10x,Rodrigo paga,166.47
2025-11-01,Seguro da casa,Rodrigo paga,66.23
2025-11-01,Unifique Móvel,Giovana paga,39.90
2025-11-01,lavação carro ,Giovana paga,65.00
2025-12-01,6 paineis de led,Rodrigo paga,171.00
2025-12-01,Agua,Rodrigo paga,66.00
2025-12-01,Amazon Prime Video,Rodrigo paga,9.91
2025-12-01,Ar condicionado sala,Rodrigo paga,203.00
2025-12-01,Automação da casa 3x,Rodrigo paga,114.00
2025-12-01,Cameras de segurança e ferramentas 12x,Rodrigo paga,74.65
2025-12-01,Campainha,Rodrigo paga,79.00
2025-12-01,Casa jair,Rodrigo paga,307.00
2025-12-01,Cassol,Rodrigo paga,82.00
2025-12-01,Cassol 10x,Rodrigo paga,330.80
2025-12-01,Cassol 2x,Rodrigo paga,66.35
2025-12-01,Cassol piso que faltou,Rodrigo paga,100.00
2025-12-01,Colchão de AR 3x,Rodrigo paga,103.00
2025-12-01,Consorcio,Rodrigo paga,1077.00
2025-12-01,Construcolor,Rodrigo paga,82.00
2025-12-01,Construcolor,Rodrigo paga,111.00
2025-12-01,Fechadura eletronica 2x,Rodrigo paga,132.84
2025-12-01,Funcional,Giovana paga,399.80
2025-12-01,Gasolina,Rodrigo paga,302.00
2025-12-01,Geladeira 18x,Rodrigo paga,177.63
2025-12-01,Havan,Giovana paga,53.99
2025-12-01,Ilhas tinta,Rodrigo paga,71.00
2025-12-01,Internet,Rodrigo paga,340.00
2025-12-01,Internet pai mãe/ipva,Rodrigo paga,148.00
2025-12-01,Luz,Rodrigo paga,315.00
2025-12-01,Marmoraria,Rodrigo paga,180.00
2025-12-01,Materiais primavera,Rodrigo paga,203.00
2025-12-01,Milium,Rodrigo paga,137.00
2025-12-01,Milium,Rodrigo paga,90.00
2025-12-01,Netflix/MeliMais,Rodrigo paga,48.00
2025-12-01,Painel de led da sala e cozinha,Rodrigo paga,314.00
2025-12-01,Paramount,Rodrigo paga,19.99
2025-12-01,Pivo da porta,Rodrigo paga,109.00
2025-12-01,Portas de dentro 3x,Rodrigo paga,985.00
2025-12-01,Primavera materiais,Rodrigo paga,180.00
2025-12-01,Primavera materiais,Rodrigo paga,189.00
2025-12-01,Primavera materiais 3x,Rodrigo paga,131.00
2025-12-01,Prime,Rodrigo paga,16.00
2025-12-01,Seguro Carro 10x,Rodrigo paga,166.47
2025-12-01,Seguro da casa,Rodrigo paga,66.23
2025-12-01,Serpa,Rodrigo paga,112.00
2025-12-01,Trava porta,Rodrigo paga,39.00
2025-12-01,Unifique Móvel,Giovana paga,39.90
2025-12-01,lavação carro ,Giovana paga,60.00
2026-01-01,Acabamento registro,Rodrigo paga,58.00
2026-01-01,Agroaves,Giovana paga,106.50
2026-01-01,Agua,Rodrigo paga,299.00
2026-01-01,Alarme sensor etc,Rodrigo paga,137.00
2026-01-01,Amazon Prime Video,Rodrigo paga,13.90
2026-01-01,Ar condicionado sala,Rodrigo paga,203.00
2026-01-01,Ar do quarto 21x,Rodrigo paga,79.06
2026-01-01,Automação da casa 3x,Rodrigo paga,114.00
2026-01-01,BellaJanela,Giovana paga,138.27
2026-01-01,BellaJanela,Giovana paga,214.93
2026-01-01,Cameras de segurança e ferramentas 12x,Rodrigo paga,74.65
2026-01-01,Campainha,Rodrigo paga,79.00
2026-01-01,Cassol 10x,Rodrigo paga,330.80
2026-01-01,Cassol 2x,Rodrigo paga,66.35
2026-01-01,Cassol piso que faltou,Rodrigo paga,100.00
2026-01-01,Chuveiro,Rodrigo paga,57.43
2026-01-01,Consorcio,Rodrigo paga,1077.00
2026-01-01,Construcolor,Rodrigo paga,82.00
2026-01-01,Construcolor,Rodrigo paga,111.00
2026-01-01,Construcolor,Giovana paga,54.10
2026-01-01,Cortina box,Rodrigo paga,59.00
2026-01-01,Desentupimento,Rodrigo paga,650.00
2026-01-01,Espelho grande,Rodrigo paga,47.58
2026-01-01,Espelho medio,Rodrigo paga,23.41
2026-01-01,Finish lava loucas,Rodrigo paga,89.00
2026-01-01,Galaxy tag,Rodrigo paga,159.00
2026-01-01,Gasolina,Rodrigo paga,313.77
2026-01-01,Gasolina,Giovana paga,313.60
2026-01-01,Geladeira 18x,Rodrigo paga,177.63
2026-01-01,Havan,Giovana paga,53.99
2026-01-01,Internet,Rodrigo paga,214.31
2026-01-01,Internet pai mãe/ipva,Rodrigo paga,148.00
2026-01-01,Luz,Rodrigo paga,69.00
2026-01-01,Mercado Livre,Giovana paga,73.13
2026-01-01,Milium,Rodrigo paga,90.00
2026-01-01,Milium,Rodrigo paga,51.95
2026-01-01,Milium,Rodrigo paga,115.75
2026-01-01,Milium,Giovana paga,67.52
2026-01-01,Milium,Giovana paga,23.05
2026-01-01,Milium,Giovana paga,86.50
2026-01-01,Netflix/MeliMais,Rodrigo paga,19.90
2026-01-01,Porta de correr e vista cozinha,Rodrigo paga,528.33
2026-01-01,Portas de dentro 3x,Rodrigo paga,985.00
2026-01-01,Primavera,Giovana paga,70.00
2026-01-01,Primavera materiais,Rodrigo paga,180.00
2026-01-01,Primavera materiais,Rodrigo paga,189.00
2026-01-01,Primavera materiais 3x,Rodrigo paga,131.00
2026-01-01,Remedio simparic,Giovana paga,189.90
2026-01-01,Seguro Carro 10x,Rodrigo paga,166.47
2026-01-01,Seguro da casa,Rodrigo paga,66.23
2026-01-01,Sensor de janela e porta,Rodrigo paga,117.50
2026-01-01,Tinta da casa,Rodrigo paga,321.00
2026-01-01,Tomadas e interruptores,Rodrigo paga,326.75
2026-01-01,Torneira jardim,Rodrigo paga,32.00
2026-01-01,Trava porta,Rodrigo paga,67.90
2026-01-01,Unifique Móvel,Giovana paga,39.90
2026-01-01,kit acssório banheiro,Rodrigo paga,24.33
2026-01-01,spot led,Rodrigo paga,70.00
2026-01-01,toalheiro eletrico,Rodrigo paga,41.50
2026-02-01,Acabamento registro,Rodrigo paga,58.00
2026-02-01,Agua,Rodrigo paga,132.00
2026-02-01,Alarme sensor etc,Rodrigo paga,66.00
2026-02-01,Amazon Prime Video,Rodrigo paga,13.90
2026-02-01,Ar condicionado sala,Rodrigo paga,203.00
2026-02-01,Ar do quarto 21x,Rodrigo paga,79.06
2026-02-01,BellaJanela,Giovana paga,138.27
2026-02-01,BellaJanela,Giovana paga,214.93
2026-02-01,Cameras de segurança e ferramentas 12x,Rodrigo paga,74.65
2026-02-01,Cassol 10x,Rodrigo paga,330.80
2026-02-01,Cassol piso que faltou,Rodrigo paga,100.00
2026-02-01,Chuveiro,Rodrigo paga,57.43
2026-02-01,Cobasi,Rodrigo paga,200.00
2026-02-01,Consorcio,Rodrigo paga,1077.00
2026-02-01,Construcolor,Rodrigo paga,82.00
2026-02-01,Construcolor,Rodrigo paga,111.00
2026-02-01,Cuba 10x,Rodrigo paga,65.88
2026-02-01,Espelho grande,Rodrigo paga,47.58
2026-02-01,Espelho medio,Rodrigo paga,23.41
2026-02-01,Galaxy tag,Rodrigo paga,159.00
2026-02-01,Gasolina,Rodrigo paga,321.00
2026-02-01,Geladeira 18x,Rodrigo paga,177.63
2026-02-01,Havan,Giovana paga,95.98
2026-02-01,IPTU,Rodrigo paga,520.00
2026-02-01,IPVA 3X,Rodrigo paga,362.00
2026-02-01,Internet,Rodrigo paga,189.90
2026-02-01,Internet pai mãe/ipva,Rodrigo paga,148.00
2026-02-01,Luz,Rodrigo paga,227.28
2026-02-01,Mercado Livre,Giovana paga,73.13
2026-02-01,Milium,Rodrigo paga,90.00
2026-02-01,Milium,Rodrigo paga,51.95
2026-02-01,Milium,Rodrigo paga,115.75
2026-02-01,Milium,Giovana paga,67.52
2026-02-01,Milium,Giovana paga,23.05
2026-02-01,Milium,Rodrigo paga,141.00
2026-02-01,Milium 6x,Rodrigo paga,76.00
2026-02-01,Netflix/MeliMais,Rodrigo paga,19.90
2026-02-01,Porta de correr e vista cozinha,Rodrigo paga,528.33
2026-02-01,Primavera materiais,Rodrigo paga,180.00
2026-02-01,Primavera materiais,Rodrigo paga,189.00
2026-02-01,Seguro Carro 10x,Rodrigo paga,166.47
2026-02-01,Seguro da casa,Rodrigo paga,66.23
2026-02-01,Sensor de janela e porta,Rodrigo paga,117.50
2026-02-01,Tinta da casa,Rodrigo paga,321.00
2026-02-01,Tomadas e interruptores,Rodrigo paga,326.75
2026-02-01,Torneira banheiro e parafusos,Giovana paga,192.90
2026-02-01,Unifique Móvel,Giovana paga,39.90
2026-02-01,kit acssório banheiro,Rodrigo paga,24.33
2026-02-01,petz,Giovana paga,60.80
2026-02-01,spot led,Rodrigo paga,70.00
2026-02-01,toalheiro eletrico,Rodrigo paga,41.50
2026-02-01,torneira cozinha,Giovana paga,35.14
2026-03-01,Adaptador registro,Rodrigo paga,46.50
2026-03-01,Alarme sensor etc,Rodrigo paga,66.00
2026-03-01,Amazon Prime Video,Rodrigo paga,13.90
2026-03-01,Ar condicionado sala,Rodrigo paga,203.00
2026-03-01,Ar do quarto 21x,Rodrigo paga,79.06
2026-03-01,Aspirador Philips 10x,Rodrigo paga,76.11
2026-03-01,BellaJanela,Giovana paga,138.27
2026-03-01,BellaJanela,Giovana paga,214.93
2026-03-01,Cameras de segurança e ferramentas 12x,Rodrigo paga,74.65
2026-03-01,Camping Giasse,Rodrigo paga,183.00
2026-03-01,Camping diaria,Rodrigo paga,190.00
2026-03-01,Casinha banheiro Pitaya,Rodrigo paga,69.90
2026-03-01,Cassol 10x,Rodrigo paga,330.80
2026-03-01,Cassol piso que faltou,Rodrigo paga,100.00
2026-03-01,Chuveiro,Rodrigo paga,57.43
2026-03-01,Coleira Pitaya,Rodrigo paga,36.90
2026-03-01,Consorcio,Rodrigo paga,1077.00
2026-03-01,Construcolor,Rodrigo paga,111.00
2026-03-01,Cuba 10x,Rodrigo paga,65.88
2026-03-01,Espelho grande,Rodrigo paga,47.58
2026-03-01,Espelho medio,Rodrigo paga,23.41
2026-03-01,Funcional,Giovana paga,859.60
2026-03-01,Gasolina,Giovana paga,303.45
2026-03-01,Geladeira 18x,Rodrigo paga,177.63
2026-03-01,Hamburguer e Pãolissa,Rodrigo paga,200.00
2026-03-01,Havan,Giovana paga,95.98
2026-03-01,IPVA 3X,Rodrigo paga,362.00
2026-03-01,Internet,Rodrigo paga,189.90
2026-03-01,Internet pai mãe/ipva,Rodrigo paga,148.00
2026-03-01,Luz,Rodrigo paga,626.60
2026-03-01,Milium,Rodrigo paga,90.00
2026-03-01,Milium,Rodrigo paga,51.95
2026-03-01,Milium,Giovana paga,67.52
2026-03-01,Milium,Giovana paga,23.05
2026-03-01,Milium,Rodrigo paga,141.00
2026-03-01,Milium,Rodrigo paga,19.90
2026-03-01,Milium 6x,Rodrigo paga,76.00
2026-03-01,Netflix/MeliMais,Rodrigo paga,19.90
2026-03-01,Porta de correr e vista cozinha,Rodrigo paga,528.33
2026-03-01,Primavera materiais,Rodrigo paga,189.00
2026-03-01,Ração Blu/Pitaya,Giovana paga,92.94
2026-03-01,Seguro Carro 10x,Rodrigo paga,166.47
2026-03-01,Seguro da casa,Rodrigo paga,66.23
2026-03-01,Sifão 2 metros,Rodrigo paga,32.00
2026-03-01,Tinta da casa,Rodrigo paga,321.00
2026-03-01,Tomadas e interruptores,Rodrigo paga,326.75
2026-03-01,Unifique Móvel,Giovana paga,39.90
2026-03-01,kit acssório banheiro,Rodrigo paga,24.33
2026-03-01,toalheiro eletrico,Rodrigo paga,41.50
2026-03-01,torneira cozinha,Giovana paga,35.14
2026-04-01,Alarme sensor etc,Rodrigo paga,66.00
2026-04-01,Amazon Prime Video,Rodrigo paga,13.90
2026-04-01,Ar condicionado sala,Rodrigo paga,203.00
2026-04-01,Ar do quarto 21x,Rodrigo paga,79.06
2026-04-01,Aspirador Philips 10x,Rodrigo paga,76.11
2026-04-01,BellaJanela,Giovana paga,138.27
2026-04-01,BellaJanela,Giovana paga,214.93
2026-04-01,Cameras de segurança e ferramentas 12x,Rodrigo paga,74.65
2026-04-01,Cartorio,Rodrigo paga,100.00
2026-04-01,Cassol 10x,Rodrigo paga,330.80
2026-04-01,Cassol piso que faltou,Rodrigo paga,100.00
2026-04-01,Chuveiro,Rodrigo paga,57.43
2026-04-01,Consorcio,Rodrigo paga,1077.00
2026-04-01,Cuba 10x,Rodrigo paga,65.88
2026-04-01,Entulho,Rodrigo paga,380.00
2026-04-01,Espelho grande,Rodrigo paga,47.58
2026-04-01,Espelho medio,Rodrigo paga,23.41
2026-04-01,Funcional,Giovana paga,429.80
2026-04-01,Gasolina,Rodrigo paga,326.81
2026-04-01,Geladeira 18x,Rodrigo paga,177.63
2026-04-01,Havan,Giovana paga,95.98
2026-04-01,IPVA 3X,Rodrigo paga,362.00
2026-04-01,Internet,Rodrigo paga,189.90
2026-04-01,Internet pai mãe/ipva,Rodrigo paga,148.00
2026-04-01,Luz,Rodrigo paga,500.00
2026-04-01,Madeira telhado,Rodrigo paga,156.00
2026-04-01,Milium,Rodrigo paga,51.95
2026-04-01,Milium,Giovana paga,67.52
2026-04-01,Milium,Giovana paga,23.05
2026-04-01,Milium 6x,Rodrigo paga,76.00
2026-04-01,Netflix/MeliMais,Rodrigo paga,19.90
2026-04-01,Ração Blu/Pitaya,Giovana paga,92.94
2026-04-01,Registro teor inteiro,Rodrigo paga,103.00
2026-04-01,Seguro Carro 10x,Rodrigo paga,166.47
2026-04-01,Seguro da casa,Rodrigo paga,66.23
2026-04-01,Tinta da casa,Rodrigo paga,321.00
2026-04-01,Tomadas e interruptores,Rodrigo paga,326.75
2026-04-01,Unifique Móvel,Giovana paga,39.90
2026-04-01,kit acssório banheiro,Rodrigo paga,24.33
2026-04-01,toalheiro eletrico,Rodrigo paga,41.50
2026-04-01,torneira cozinha,Giovana paga,35.14
2026-05-01,Amazon Prime Video,Rodrigo paga,13.90
2026-05-01,Ar condicionado sala,Rodrigo paga,203.00
2026-05-01,Ar do quarto 21x,Rodrigo paga,79.06
2026-05-01,Aspirador Philips 10x,Rodrigo paga,76.11
2026-05-01,BellaJanela,Giovana paga,138.27
2026-05-01,BellaJanela,Giovana paga,214.93
2026-05-01,Cameras de segurança e ferramentas 12x,Rodrigo paga,74.65
2026-05-01,Cassol,Rodrigo paga,155.96
2026-05-01,Cassol 10x,Rodrigo paga,330.80
2026-05-01,Cassol piso que faltou,Rodrigo paga,100.00
2026-05-01,Chuveiro,Rodrigo paga,57.43
2026-05-01,Consorcio,Rodrigo paga,1077.00
2026-05-01,Consulta Médica,Giovana paga,770.00
2026-05-01,Cuba 10x,Rodrigo paga,65.88
2026-05-01,Entulho,Rodrigo paga,380.00
2026-05-01,Espelho grande,Rodrigo paga,47.58
2026-05-01,Espelho medio,Rodrigo paga,23.41
2026-05-01,Funcional,Giovana paga,429.80
2026-05-01,Geladeira 18x,Rodrigo paga,177.63
2026-05-01,Globo play,Rodrigo paga,39.90
2026-05-01,Havan,Giovana paga,96.01
2026-05-01,Internet,Rodrigo paga,189.90
2026-05-01,Internet pai mãe/ipva,Rodrigo paga,148.00
2026-05-01,Lavação carro,Rodrigo paga,65.00
2026-05-01,Luz,Rodrigo paga,492.49
2026-05-01,Materiais primavera,Rodrigo paga,108.00
2026-05-01,Milium,Rodrigo paga,51.95
2026-05-01,Milium,Giovana paga,67.52
2026-05-01,Milium,Giovana paga,23.05
2026-05-01,Milium 6x,Rodrigo paga,76.00
2026-05-01,Millium,Giovana paga,22.97
2026-05-01,Millium,Giovana paga,74.10
2026-05-01,Netflix/MeliMais,Rodrigo paga,19.90
2026-05-01,Ração Blu/Pitaya,Giovana paga,92.94
2026-05-01,Ração Pitaya,Giovana paga,83.97
2026-05-01,Seguro Carro 10x,Rodrigo paga,166.47
2026-05-01,Seguro da casa,Rodrigo paga,66.23
2026-05-01,Shampoo,Rodrigo paga,81.25
2026-05-01,Unifique Móvel,Giovana paga,39.90
2026-05-01,Valor Caixa,Rodrigo paga,1560.00
2026-05-01,Vistoria Caixa,Giovana paga,750.00
2026-05-01,gasolina,Giovana paga,328.37
2026-05-01,genilton,Rodrigo paga,1216.00
2026-05-01,kit acssório banheiro,Rodrigo paga,24.33
2026-05-01,toalheiro eletrico,Rodrigo paga,41.50
2026-05-01,torneira cozinha,Giovana paga,35.14
2026-06-01,Amazon Prime Video,Rodrigo paga,13.90
2026-06-01,Ar condicionado sala,Rodrigo paga,203.00
2026-06-01,Ar do quarto 21x,Rodrigo paga,79.06
2026-06-01,Aspirador Philips 10x,Rodrigo paga,76.11
2026-06-01,BellaJanela,Giovana paga,138.27
2026-06-01,BellaJanela,Giovana paga,214.93
2026-06-01,Cameras de segurança e ferramentas 12x,Rodrigo paga,74.65
2026-06-01,Cassol,Rodrigo paga,155.96
2026-06-01,Cassol 10x,Rodrigo paga,330.80
2026-06-01,Cassol piso que faltou,Rodrigo paga,100.00
2026-06-01,Castração Pitaya,Giovana paga,112.50
2026-06-01,Chuveiro,Rodrigo paga,57.43
2026-06-01,Consorcio,Rodrigo paga,1077.00
2026-06-01,Cuba 10x,Rodrigo paga,65.88
2026-06-01,Espelho grande,Rodrigo paga,47.58
2026-06-01,Espelho medio,Rodrigo paga,23.41
2026-06-01,Funcional,Giovana paga,429.80
2026-06-01,Gasolina,Rodrigo paga,590.00
2026-06-01,Geladeira 18x,Rodrigo paga,177.63
2026-06-01,Guarda roupa 18x,Rodrigo paga,102.00
2026-06-01,Internet,Rodrigo paga,189.90
2026-06-01,Internet pai mãe/ipva,Rodrigo paga,148.00
2026-06-01,Luz,Rodrigo paga,450.00
2026-06-01,Milium,Rodrigo paga,51.95
2026-06-01,Milium,Giovana paga,67.52
2026-06-01,Milium,Giovana paga,23.05
2026-06-01,Milium 6x,Rodrigo paga,76.00
2026-06-01,Millium,Giovana paga,22.97
2026-06-01,Millium,Giovana paga,74.10
2026-06-01,Netflix/MeliMais,Rodrigo paga,19.90
2026-06-01,Parcela da casa,Rodrigo paga,2750.00
2026-06-01,Parque aguai,Rodrigo paga,222.00
2026-06-01,Presente dia das mães ,Giovana paga,199.80
2026-06-01,Ração Blu/Pitaya,Giovana paga,65.70
2026-06-01,Seguro da casa,Rodrigo paga,66.23
2026-06-01,Unifique Móvel,Giovana paga,39.90
2026-06-01,Viagem,Rodrigo paga,400.00
2026-06-01,Vinicula,Rodrigo paga,206.00
2026-06-01,genilton,Rodrigo paga,1216.00
2026-06-01,kit acssório banheiro,Rodrigo paga,24.33
2026-06-01,toalheiro eletrico,Rodrigo paga,41.50
2026-06-01,torneira cozinha,Giovana paga,35.14
2026-07-01,Agrovicula,Rodrigo paga,72.00
2026-07-01,Amazon Prime Video,Rodrigo paga,13.90
2026-07-01,Ar condicionado sala,Rodrigo paga,203.00
2026-07-01,Ar do quarto 21x,Rodrigo paga,79.06
2026-07-01,Aspirador Philips 10x,Rodrigo paga,76.11
2026-07-01,BellaJanela,Giovana paga,138.27
2026-07-01,BellaJanela,Giovana paga,214.93
2026-07-01,Cameras de segurança e ferramentas 12x,Rodrigo paga,74.65
2026-07-01,Casa Jair,Rodrigo paga,99.00
2026-07-01,Cassol,Rodrigo paga,151.70
2026-07-01,Cassol 10x,Rodrigo paga,330.80
2026-07-01,Cassol piso que faltou,Rodrigo paga,100.00
2026-07-01,Castração Pitaya,Giovana paga,112.50
2026-07-01,Chuveiro,Rodrigo paga,57.43
2026-07-01,Consorcio,Rodrigo paga,1077.00
2026-07-01,Cuba 10x,Rodrigo paga,65.88
2026-07-01,Disjuntor,Rodrigo paga,20.00
2026-07-01,Escova sanitaria ,Rodrigo paga,56.58
2026-07-01,Espelho grande,Rodrigo paga,47.58
2026-07-01,Espelho medio,Rodrigo paga,23.41
2026-07-01,Fervedor indução,Rodrigo paga,109.00
2026-07-01,Funcional,Giovana paga,429.80
2026-07-01,Gasolina FOX,Rodrigo paga,140.00
2026-07-01,Gasosa,Giovana paga,323.81
2026-07-01,Gaveteiro,Rodrigo paga,305.00
2026-07-01,Geladeira 18x,Rodrigo paga,177.63
2026-07-01,Guarda roupa 18x,Rodrigo paga,102.00
2026-07-01,Internet,Rodrigo paga,189.90
2026-07-01,Internet pai mãe/ipva,Rodrigo paga,148.00
2026-07-01,Kit lava piso,Rodrigo paga,16.00
2026-07-01,Luz,Rodrigo paga,450.00
2026-07-01,Milium,Rodrigo paga,51.95
2026-07-01,Milium,Giovana paga,67.52
2026-07-01,Milium,Giovana paga,23.05
2026-07-01,Milium 6x,Rodrigo paga,76.00
2026-07-01,Millium,Giovana paga,22.97
2026-07-01,Millium,Giovana paga,74.10
2026-07-01,Mop vidro,Rodrigo paga,37.00
2026-07-01,Netflix/MeliMais,Rodrigo paga,19.90
2026-07-01,Parcela da casa,Rodrigo paga,2750.00
2026-07-01,Primavera materiais,Rodrigo paga,210.00
2026-07-01,Quadros lojão astral,Rodrigo paga,145.17
2026-07-01,Remédio Blu,Giovana paga,58.90
2026-07-01,Sanduicheira,Rodrigo paga,209.00
2026-07-01,Seguro Carro 10x,Rodrigo paga,157.31
2026-07-01,Seguro da casa,Rodrigo paga,66.23
2026-07-01,Tapete frente,Rodrigo paga,113.98
2026-07-01,Unifique Móvel,Giovana paga,39.90
2026-07-01,Viagem,Rodrigo paga,400.00
2026-07-01,genilton,Rodrigo paga,1216.00
2026-07-01,kit acssório banheiro,Rodrigo paga,24.33
2026-07-01,toalheiro eletrico,Rodrigo paga,41.50
2026-07-01,torneira cozinha,Giovana paga,35.14
2026-08-01,Amazon Prime Video,Rodrigo paga,13.90
2026-08-01,Ar condicionado sala,Rodrigo paga,203.00
2026-08-01,Ar do quarto 21x,Rodrigo paga,79.06
2026-08-01,Aspirador Philips 10x,Rodrigo paga,76.11
2026-08-01,AutoGlass retrovisor,Rodrigo paga,161.00
2026-08-01,BellaJanela,Giovana paga,138.27
2026-08-01,BellaJanela,Giovana paga,214.93
2026-08-01,Cameras de segurança e ferramentas 12x,Rodrigo paga,74.65
2026-08-01,Cassol 10x,Rodrigo paga,330.80
2026-08-01,Cassol Caixa pluvial,Rodrigo paga,73.00
2026-08-01,Cassol piso que faltou,Rodrigo paga,100.00
2026-08-01,Castração Pitaya,Giovana paga,112.50
2026-08-01,Chuveiro,Rodrigo paga,57.43
2026-08-01,Consorcio,Rodrigo paga,1077.00
2026-08-01,Cuba 10x,Rodrigo paga,65.88
2026-08-01,Deck da varanda do tapete,Rodrigo paga,114.00
2026-08-01,Espelho grande,Rodrigo paga,47.58
2026-08-01,Espelho medio,Rodrigo paga,23.41
2026-08-01,Funcional,Giovana paga,429.80
2026-08-01,Gasolina,Rodrigo paga,341.30
2026-08-01,Geladeira 18x,Rodrigo paga,177.63
2026-08-01,Guarda roupa 18x,Rodrigo paga,102.00
2026-08-01,Internet,Rodrigo paga,189.90
2026-08-01,Internet pai mãe/ipva,Rodrigo paga,148.00
2026-08-01,Milium,Rodrigo paga,51.95
2026-08-01,Milium,Giovana paga,67.52
2026-08-01,Milium,Giovana paga,23.05
2026-08-01,Millium,Giovana paga,22.97
2026-08-01,Millium,Giovana paga,74.10
2026-08-01,Netflix/MeliMais,Rodrigo paga,19.90
2026-08-01,Panela arroz silvia,Rodrigo paga,132.79
2026-08-01,Parcela da casa,Rodrigo paga,2750.00
2026-08-01,Quadros lojão astral,Rodrigo paga,145.17
2026-08-01,Seguro Carro 10x,Rodrigo paga,157.31
2026-08-01,Seguro da casa,Rodrigo paga,66.23
2026-08-01,Unifique Móvel,Giovana paga,39.90
2026-08-01,Viagem,Rodrigo paga,400.00
2026-08-01,kit acssório banheiro,Rodrigo paga,24.33
2026-08-01,toalheiro eletrico,Rodrigo paga,41.50
2026-09-01,Amazon Prime Video,Rodrigo paga,13.90
2026-09-01,Ar condicionado sala,Rodrigo paga,203.00
2026-09-01,Ar do quarto 21x,Rodrigo paga,79.06
2026-09-01,Aspirador Philips 10x,Rodrigo paga,76.11
2026-09-01,BellaJanela,Giovana paga,138.27
2026-09-01,BellaJanela,Giovana paga,214.93
2026-09-01,Cameras de segurança e ferramentas 12x,Rodrigo paga,74.65
2026-09-01,Cassol 10x,Rodrigo paga,330.80
2026-09-01,Cassol piso que faltou,Rodrigo paga,100.00
2026-09-01,Castração Pitaya,Giovana paga,112.50
2026-09-01,Chuveiro,Rodrigo paga,57.43
2026-09-01,Consorcio,Rodrigo paga,1077.00
2026-09-01,Cuba 10x,Rodrigo paga,65.88
2026-09-01,Espelho grande,Rodrigo paga,47.58
2026-09-01,Espelho medio,Rodrigo paga,23.41
2026-09-01,Funcional,Giovana paga,429.80
2026-09-01,Geladeira 18x,Rodrigo paga,177.63
2026-09-01,Guarda roupa 18x,Rodrigo paga,102.00
2026-09-01,Internet,Rodrigo paga,189.90
2026-09-01,Internet pai mãe/ipva,Rodrigo paga,148.00
2026-09-01,Milium,Rodrigo paga,51.95
2026-09-01,Milium,Giovana paga,67.52
2026-09-01,Milium,Giovana paga,23.05
2026-09-01,Millium,Giovana paga,22.97
2026-09-01,Millium,Giovana paga,74.10
2026-09-01,Netflix/MeliMais,Rodrigo paga,19.90
2026-09-01,Parcela da casa,Rodrigo paga,2750.00
2026-09-01,Quadros lojão astral,Rodrigo paga,145.17
2026-09-01,Seguro Carro 10x,Rodrigo paga,166.47
2026-09-01,Seguro da casa,Rodrigo paga,66.23
2026-09-01,Unifique Móvel,Giovana paga,39.90
2026-09-01,kit acssório banheiro,Rodrigo paga,24.33
2026-09-01,toalheiro eletrico,Rodrigo paga,41.50
2026-10-01,Amazon Prime Video,Rodrigo paga,13.90
2026-10-01,Ar condicionado sala,Rodrigo paga,203.00
2026-10-01,Ar do quarto 21x,Rodrigo paga,79.06
2026-10-01,Aspirador Philips 10x,Rodrigo paga,76.11
2026-10-01,BellaJanela,Giovana paga,138.27
2026-10-01,BellaJanela,Giovana paga,214.93
2026-10-01,Cameras de segurança e ferramentas 12x,Rodrigo paga,74.65
2026-10-01,Castração Pitaya,Giovana paga,112.50
2026-10-01,Chuveiro,Rodrigo paga,57.43
2026-10-01,Consorcio,Rodrigo paga,1077.00
2026-10-01,Cuba 10x,Rodrigo paga,65.88
2026-10-01,Espelho grande,Rodrigo paga,47.58
2026-10-01,Espelho medio,Rodrigo paga,23.41
2026-10-01,Geladeira 18x,Rodrigo paga,177.63
2026-10-01,Guarda roupa 18x,Rodrigo paga,102.00
2026-10-01,Internet,Rodrigo paga,189.90
2026-10-01,Internet pai mãe/ipva,Rodrigo paga,148.00
2026-10-01,Milium,Rodrigo paga,51.95
2026-10-01,Milium,Giovana paga,67.52
2026-10-01,Milium,Giovana paga,23.05
2026-10-01,Netflix/MeliMais,Rodrigo paga,19.90
2026-10-01,Parcela da casa,Rodrigo paga,2750.00
2026-10-01,Seguro Carro 10x,Rodrigo paga,166.47
2026-10-01,Seguro da casa,Rodrigo paga,66.23
2026-10-01,Unifique Móvel,Giovana paga,39.90
2026-10-01,kit acssório banheiro,Rodrigo paga,24.33
2026-10-01,toalheiro eletrico,Rodrigo paga,41.50
2026-11-01,Ar condicionado sala,Rodrigo paga,203.00
2026-11-01,Ar do quarto 21x,Rodrigo paga,79.06
2026-11-01,Aspirador Philips 10x,Rodrigo paga,76.11
2026-11-01,Castração Pitaya,Giovana paga,112.50
2026-11-01,Consorcio,Rodrigo paga,1077.00
2026-11-01,Cuba 10x,Rodrigo paga,65.88
2026-11-01,Espelho grande,Rodrigo paga,47.58
2026-11-01,Espelho medio,Rodrigo paga,23.41
2026-11-01,Geladeira 18x,Rodrigo paga,177.63
2026-11-01,Guarda roupa 18x,Rodrigo paga,102.00
2026-11-01,Internet,Rodrigo paga,189.90
2026-11-01,Parcela da casa,Rodrigo paga,2750.00
2026-11-01,Seguro Carro 10x,Rodrigo paga,157.31
2026-11-01,Unifique Móvel,Giovana paga,39.90
2026-11-01,kit acssório banheiro,Rodrigo paga,24.33
2026-11-01,toalheiro eletrico,Rodrigo paga,41.50
2026-12-01,Ar condicionado sala,Rodrigo paga,203.00
2026-12-01,Ar do quarto 21x,Rodrigo paga,79.06
2026-12-01,Aspirador Philips 10x,Rodrigo paga,76.11
2026-12-01,Consorcio,Rodrigo paga,1077.00
2026-12-01,Espelho grande,Rodrigo paga,47.58
2026-12-01,Espelho medio,Rodrigo paga,23.41
2026-12-01,Geladeira 18x,Rodrigo paga,177.63
2026-12-01,Guarda roupa 18x,Rodrigo paga,102.00
2026-12-01,Internet,Rodrigo paga,189.90
2026-12-01,Parcela da casa,Rodrigo paga,2750.00
2026-12-01,Seguro Carro 10x,Rodrigo paga,157.31
2026-12-01,Unifique Móvel,Giovana paga,39.90
2026-12-01,kit acssório banheiro,Rodrigo paga,24.33
2026-12-01,toalheiro eletrico,Rodrigo paga,41.50
2027-01-01,Ar condicionado sala,Rodrigo paga,203.00
2027-01-01,Ar do quarto 21x,Rodrigo paga,79.06
2027-01-01,Consorcio,Rodrigo paga,1077.00
2027-01-01,Geladeira 18x,Rodrigo paga,177.63
2027-01-01,Guarda roupa 18x,Rodrigo paga,102.00
2027-01-01,Internet,Rodrigo paga,189.90
2027-01-01,Parcela da casa,Rodrigo paga,2750.00
2027-01-01,Seguro Carro 10x,Rodrigo paga,157.31
2027-01-01,Unifique Móvel,Giovana paga,39.90
2027-02-01,Ar condicionado sala,Rodrigo paga,203.00
2027-02-01,Ar do quarto 21x,Rodrigo paga,79.06
2027-02-01,Consorcio,Rodrigo paga,1077.00
2027-02-01,Geladeira 18x,Rodrigo paga,177.63
2027-02-01,Guarda roupa 18x,Rodrigo paga,102.00
2027-02-01,Internet,Rodrigo paga,189.90
2027-02-01,Parcela da casa,Rodrigo paga,2750.00
2027-02-01,Seguro Carro 10x,Rodrigo paga,157.31
2027-02-01,Unifique Móvel,Giovana paga,39.90
2027-03-01,Ar condicionado sala,Rodrigo paga,203.00
2027-03-01,Ar do quarto 21x,Rodrigo paga,79.06
2027-03-01,Consorcio,Rodrigo paga,1077.00
2027-03-01,Geladeira 18x,Rodrigo paga,177.63
2027-03-01,Guarda roupa 18x,Rodrigo paga,102.00
2027-03-01,Internet,Rodrigo paga,189.90
2027-03-01,Parcela da casa,Rodrigo paga,2750.00
2027-03-01,Seguro Carro 10x,Rodrigo paga,157.31
2027-03-01,Unifique Móvel,Giovana paga,39.90
2027-04-01,Ar condicionado sala,Rodrigo paga,203.00
2027-04-01,Ar do quarto 21x,Rodrigo paga,79.06
2027-04-01,Consorcio,Rodrigo paga,1077.00
2027-04-01,Geladeira 18x,Rodrigo paga,177.63
2027-04-01,Guarda roupa 18x,Rodrigo paga,102.00
2027-04-01,Internet,Rodrigo paga,189.90
2027-04-01,Parcela da casa,Rodrigo paga,2750.00
2027-04-01,Seguro Carro 10x,Rodrigo paga,157.31
2027-04-01,Unifique Móvel,Giovana paga,39.90
2027-05-01,Ar condicionado sala,Rodrigo paga,203.00
2027-05-01,Ar do quarto 21x,Rodrigo paga,79.06
2027-05-01,Consorcio,Rodrigo paga,1077.00
2027-05-01,Geladeira 18x,Rodrigo paga,177.63
2027-05-01,Guarda roupa 18x,Rodrigo paga,102.00
2027-05-01,Internet,Rodrigo paga,189.90
2027-05-01,Parcela da casa,Rodrigo paga,2750.00
2027-05-01,Unifique Móvel,Giovana paga,39.90
2027-06-01,Ar do quarto 21x,Rodrigo paga,79.06
2027-06-01,Consorcio,Rodrigo paga,1077.00
2027-06-01,Guarda roupa 18x,Rodrigo paga,102.00
2027-06-01,Internet,Rodrigo paga,189.90
2027-06-01,Parcela da casa,Rodrigo paga,2750.00
2027-07-01,Ar do quarto 21x,Rodrigo paga,79.06
2027-07-01,Consorcio,Rodrigo paga,1077.00
2027-07-01,Guarda roupa 18x,Rodrigo paga,102.00
2027-07-01,Internet,Rodrigo paga,189.90
2027-07-01,Parcela da casa,Rodrigo paga,2750.00
2027-08-01,Ar do quarto 21x,Rodrigo paga,79.06
2027-08-01,Consorcio,Rodrigo paga,1077.00
2027-08-01,Guarda roupa 18x,Rodrigo paga,102.00
2027-08-01,Internet,Rodrigo paga,189.90
2027-08-01,Parcela da casa,Rodrigo paga,2750.00
2027-09-01,Ar do quarto 21x,Rodrigo paga,79.06
2027-09-01,Guarda roupa 18x,Rodrigo paga,102.00
2027-09-01,Parcela da casa,Rodrigo paga,2750.00
2027-10-01,Ar do quarto 21x,Rodrigo paga,79.06
2027-10-01,Guarda roupa 18x,Rodrigo paga,102.00
2027-10-01,Parcela da casa,Rodrigo paga,2750.00